"日期","收盘","开盘","高","低","交易量","涨跌幅"
"2022-10-4","11,582.54","11,477.85","11,609.25","11,464.27","282.59M","3.14%"
"2022-10-3","11,229.73","11,055.90","11,296.32","10,985.59","290.68M","2.36%"
"2022-9-30","10,971.22","11,123.11","11,296.06","10,967.37","331.84M","-1.73%"
"2022-9-29","11,164.78","11,334.57","11,339.54","11,039.29","284.97M","-2.86%"
"2022-9-28","11,493.83","11,256.99","11,546.70","11,210.81","285.99M","1.97%"
"2022-9-27","11,271.75","11,410.53","11,501.79","11,175.73","250.68M","0.16%"
"2022-9-26","11,254.11","11,282.88","11,471.73","11,235.86","258.45M","-0.51%"
"2022-9-23","11,311.24","11,393.59","11,400.86","11,169.83","274.74M","-1.66%"
"2022-9-22","11,501.65","11,579.63","11,616.40","11,448.90","253.96M","-1.17%"
"2022-9-21","11,637.79","11,900.37","12,062.29","11,637.19","262.51M","-1.80%"
"2022-9-20","11,851.54","11,853.43","11,951.10","11,762.07","223.79M","-0.85%"
"2022-9-19","11,953.28","11,752.43","11,956.15","11,752.43","231.26M","0.77%"
"2022-9-16","11,861.38","11,779.01","11,874.93","11,711.27","728.23M","-0.55%"
"2022-9-15","11,927.49","12,035.22","12,152.64","11,868.30","281.72M","-1.71%"
"2022-9-14","12,134.40","12,092.03","12,170.25","12,017.28","273.02M","0.84%"
"2022-9-13","12,033.62","12,362.97","12,417.62","12,004.42","361.37M","-5.54%"
"2022-9-12","12,739.72","12,649.23","12,752.51","12,640.19","225.82M","1.20%"
"2022-9-9","12,588.29","12,424.15","12,610.04","12,424.15","228.29M","2.17%"
"2022-9-8","12,321.19","12,139.57","12,372.38","12,120.38","229.80M","0.50%"
"2022-9-7","12,259.39","12,035.33","12,297.74","12,028.77","237.10M","2.07%"
"2022-9-6","12,011.31","12,108.11","12,150.94","11,929.67","244.30M","-0.72%"
"2022-9-2","12,098.44","12,366.57","12,450.89","12,036.40","248.62M","-1.44%"
"2022-9-1","12,274.63","12,158.00","12,289.77","12,013.56","276.69M","0.02%"
"2022-8-31","12,272.03","12,447.56","12,500.79","12,268.71","314.46M","-0.57%"
"2022-8-30","12,342.70","12,562.40","12,571.91","12,240.83","232.04M","-1.13%"
"2022-8-29","12,484.32","12,487.76","12,593.90","12,440.81","219.33M","-0.96%"
"2022-8-26","12,605.17","13,129.15","13,172.93","12,605.17","307.91M","-4.10%"
"2022-8-25","13,143.58","12,984.74","13,146.76","12,951.67","208.27M","1.75%"
"2022-8-24","12,917.86","12,875.67","12,995.03","12,843.58","177.66M","0.28%"
"2022-8-23","12,881.79","12,885.28","13,000.58","12,853.05","179.20M","-0.07%"
"2022-8-22","12,890.54","13,055.20","13,071.81","12,860.38","221.54M","-2.66%"
"2022-8-19","13,242.90","13,369.78","13,400.77","13,210.98","248.56M","-1.95%"
"2022-8-18","13,505.99","13,473.78","13,553.28","13,405.74","189.20M","0.26%"
"2022-8-17","13,470.86","13,499.24","13,591.58","13,390.41","196.22M","-1.21%"
"2022-8-16","13,635.21","13,619.65","13,720.71","13,508.50","180.15M","-0.23%"
"2022-8-15","13,667.18","13,529.66","13,685.48","13,525.87","166.16M","0.75%"
"2022-8-12","13,565.87","13,384.65","13,565.87","13,341.71","208.94M","2.06%"
"2022-8-11","13,291.99","13,471.03","13,555.02","13,271.76","198.24M","-0.65%"
"2022-8-10","13,378.32","13,330.66","13,386.85","13,220.83","255.48M","2.85%"
"2022-8-9","13,008.17","13,063.34","13,094.14","12,945.62","214.75M","-1.15%"
"2022-8-8","13,159.16","13,223.95","13,394.53","13,104.18","202.32M","-0.37%"
"2022-8-5","13,207.69","13,110.10","13,286.02","13,070.36","214.90M","-0.78%"
"2022-8-4","13,311.04","13,253.77","13,326.72","13,171.44","221.47M","0.44%"
"2022-8-3","13,253.26","12,980.47","13,287.26","12,980.32","282.67M","2.73%"
"2022-8-2","12,901.60","12,859.08","13,070.98","12,822.00","210.80M","-0.30%"
"2022-8-1","12,940.78","12,877.69","13,084.30","12,833.40","226.14M","-0.06%"
"2022-7-29","12,947.97","12,784.20","12,981.47","12,727.13","339.80M","1.81%"
"2022-7-28","12,717.87","12,581.08","12,741.54","12,433.55","244.83M","0.92%"
"2022-7-27","12,601.47","12,300.48","12,654.64","12,258.92","301.61M","4.26%"
"2022-7-26","12,086.90","12,251.29","12,255.87","12,051.24","224.01M","-1.96%"
"2022-7-25","12,328.41","12,391.21","12,415.59","12,244.99","188.91M","-0.55%"
"2022-7-22","12,396.47","12,574.84","12,662.86","12,322.93","235.82M","-1.77%"
"2022-7-21","12,619.41","12,466.13","12,619.41","12,351.97","219.96M","1.44%"
"2022-7-20","12,439.68","12,269.07","12,487.80","12,233.48","237.99M","1.55%"
"2022-7-19","12,249.42","12,046.69","12,258.37","11,968.41","265.21M","3.13%"
"2022-7-18","11,877.50","12,087.70","12,156.09","11,838.26","230.95M","-0.89%"
"2022-7-15","11,983.62","11,897.47","11,987.52","11,829.17","263.64M","1.83%"
"2022-7-14","11,768.39","11,637.38","11,800.99","11,488.27","204.46M","0.34%"
"2022-7-13","11,728.53","11,526.99","11,818.06","11,500.61","203.82M","-0.14%"
"2022-7-12","11,744.99","11,926.84","11,989.50","11,684.13","208.67M","-0.97%"
"2022-7-11","11,860.28","12,009.02","12,025.17","11,831.89","198.81M","-2.19%"
"2022-7-8","12,125.69","11,977.95","12,178.99","11,956.17","174.94M","0.14%"
"2022-7-7","12,109.05","11,913.73","12,137.66","11,898.17","224.03M","2.16%"
"2022-7-6","11,852.59","11,807.08","11,941.31","11,727.81","205.18M","0.62%"
"2022-7-5","11,779.91","11,423.05","11,780.98","11,367.30","246.56M","1.68%"
"2022-7-1","11,585.68","11,476.43","11,590.86","11,379.22","223.44M","0.71%"
"2022-6-30","11,503.72","11,532.32","11,649.30","11,323.70","291.13M","-1.33%"
"2022-6-29","11,658.26","11,617.68","11,709.55","11,537.90","191.18M","0.18%"
"2022-6-28","11,637.77","12,021.34","12,133.54","11,633.51","244.43M","-2.92%"
"2022-6-27","11,987.36","12,157.93","12,173.62","11,965.92","218.21M","-0.98%"
"2022-6-24","12,105.85","11,828.72","12,110.70","11,812.18","427.49M","3.49%"
"2022-6-23","11,697.68","11,622.09","11,729.62","11,515.77","231.44M","1.47%"
"2022-6-22","11,527.71","11,427.62","11,707.33","11,423.75","240.11M","-0.16%"
"2022-6-21","11,546.76","11,446.99","11,638.24","11,446.99","277.38M","2.49%"
"2022-6-17","11,265.99","11,173.64","11,357.62","11,092.09","648.22M","1.24%"
"2022-6-16","11,127.57","11,285.41","11,306.74","11,037.24","326.09M","-4.02%"
"2022-6-15","11,593.77","11,468.78","11,748.07","11,347.52","285.20M","2.49%"
"2022-6-14","11,311.69","11,385.18","11,418.11","11,206.15","239.87M","0.21%"
"2022-6-13","11,288.32","11,472.19","11,567.12","11,254.18","340.67M","-4.60%"
"2022-6-10","11,832.82","12,055.29","12,072.44","11,825.35","282.31M","-3.56%"
"2022-6-9","12,269.78","12,543.37","12,665.04","12,265.86","222.66M","-2.74%"
"2022-6-8","12,615.13","12,680.75","12,776.65","12,578.55","196.32M","-0.76%"
"2022-6-7","12,711.67","12,456.21","12,735.89","12,413.55","191.58M","0.89%"
"2022-6-6","12,599.63","12,745.89","12,804.20","12,534.58","199.63M","0.41%"
"2022-6-3","12,548.03","12,650.92","12,724.71","12,505.98","218.62M","-2.67%"
"2022-6-2","12,892.89","12,498.63","12,897.24","12,450.53","236.84M","2.75%"
"2022-6-1","12,548.36","12,750.31","12,820.40","12,458.35","206.92M","-0.74%"
"2022-5-31","12,642.10","12,689.88","12,762.84","12,482.80","418.27M","-0.31%"
"2022-5-27","12,681.42","12,423.94","12,681.42","12,405.54","247.34M","3.30%"
"2022-5-26","12,276.79","11,906.83","12,337.68","11,901.87","252.30M","2.79%"
"2022-5-25","11,943.93","11,727.59","12,028.42","11,714.27","223.83M","1.48%"
"2022-5-24","11,769.84","11,809.46","11,841.61","11,576.13","231.83M","-2.20%"
"2022-5-23","12,034.28","11,867.08","12,047.62","11,785.76","222.48M","1.68%"
"2022-5-20","11,835.62","12,037.03","12,042.76","11,493.11","310.16M","-0.34%"
"2022-5-19","11,875.63","11,871.33","12,066.65","11,795.79","274.43M","-0.44%"
"2022-5-18","11,928.31","12,353.24","12,389.96","11,891.55","277.03M","-5.06%"
"2022-5-17","12,564.10","12,497.05","12,572.37","12,334.67","234.24M","2.62%"
"2022-5-16","12,243.58","12,297.07","12,395.37","12,196.56","198.21M","-1.16%"
"2022-5-13","12,387.40","12,124.19","12,429.23","12,069.83","268.77M","3.70%"
"2022-5-12","11,945.50","11,792.60","12,126.44","11,692.12","324.27M","-0.18%"
"2022-5-11","11,967.56","12,241.96","12,469.04","11,939.16","300.24M","-3.06%"
"2022-5-10","12,345.86","12,496.18","12,537.89","12,173.58","303.08M","1.30%"
"2022-5-9","12,187.72","12,466.12","12,540.12","12,136.19","320.01M","-3.98%"
"2022-5-6","12,693.54","12,774.21","12,926.58","12,523.07","275.07M","-1.22%"
"2022-5-5","12,850.55","13,344.79","13,344.79","12,710.59","327.49M","-5.06%"
"2022-5-4","13,535.71","13,110.30","13,556.67","12,887.53","287.02M","3.41%"
"2022-5-3","13,089.90","13,045.35","13,178.74","12,982.70","209.20M","0.11%"
"2022-5-2","13,075.85","12,864.83","13,083.57","12,716.62","263.46M","1.72%"
"2022-4-29","12,854.80","13,274.94","13,428.53","12,835.48","319.45M","-4.47%"
"2022-4-28","13,456.06","13,254.96","13,542.56","13,038.17","282.58M","3.48%"
"2022-4-27","13,003.36","13,009.40","13,241.94","12,936.41","256.81M","-0.05%"
"2022-4-26","13,009.71","13,447.66","13,447.66","13,009.65","263.14M","-3.87%"
"2022-4-25","13,533.22","13,275.41","13,541.77","13,239.73","247.87M","1.32%"
"2022-4-22","13,356.87","13,714.63","13,769.40","13,342.79","247.88M","-2.65%"
"2022-4-21","13,720.45","14,174.92","14,277.21","13,682.68","231.64M","-1.99%"
"2022-4-20","13,998.53","14,246.20","14,263.61","13,962.86","217.57M","-1.49%"
"2022-4-19","14,210.26","13,882.75","14,236.51","13,844.74","187.17M","2.15%"
"2022-4-18","13,910.76","13,859.47","13,997.92","13,788.96","172.21M","0.13%"
"2022-4-14","13,893.22","14,225.47","14,235.39","13,884.82","223.06M","-2.28%"
"2022-4-13","14,217.29","13,939.61","14,258.81","13,919.48","189.62M","1.99%"
"2022-4-12","13,940.24","14,175.66","14,264.74","13,882.75","193.95M","-0.36%"
"2022-4-11","13,990.20","14,149.60","14,187.67","13,979.14","211.62M","-2.35%"
"2022-4-8","14,327.26","14,450.53","14,490.19","14,307.68","185.19M","-1.41%"
"2022-4-7","14,531.81","14,469.50","14,624.24","14,315.69","197.28M","0.23%"
"2022-4-6","14,498.89","14,600.30","14,639.35","14,395.40","240.71M","-2.17%"
"2022-4-5","14,820.64","15,109.27","15,120.67","14,782.57","209.49M","-2.24%"
"2022-4-4","15,159.58","14,903.38","15,161.89","14,884.57","206.00M","2.01%"
"2022-4-1","14,861.21","14,886.91","14,925.93","14,723.83","215.30M","0.15%"
"2022-3-31","14,838.49","15,074.24","15,088.38","14,835.16","282.14M","-1.55%"
"2022-3-30","15,071.55","15,177.15","15,229.01","15,010.34","206.58M","-1.10%"
"2022-3-29","15,239.32","15,142.93","15,265.42","15,039.61","220.57M","1.68%"
"2022-3-28","14,987.40","14,763.16","14,989.08","14,705.92","193.74M","1.58%"
"2022-3-25","14,754.31","14,766.90","14,805.88","14,577.59","186.56M","-0.08%"
"2022-3-24","14,765.69","14,529.72","14,767.73","14,440.67","221.27M","2.20%"
"2022-3-23","14,447.55","14,525.22","14,681.33","14,446.04","226.97M","-1.41%"
"2022-3-22","14,654.33","14,396.03","14,688.97","14,385.55","234.86M","1.94%"
"2022-3-21","14,376.09","14,377.15","14,470.68","14,190.53","246.17M","-0.31%"
"2022-3-18","14,420.08","14,061.29","14,427.47","14,014.43","566.58M","2.14%"
"2022-3-17","14,118.60","13,878.99","14,125.67","13,827.34","232.03M","1.16%"
"2022-3-16","13,956.78","13,633.12","13,960.25","13,475.09","333.55M","3.70%"
"2022-3-15","13,458.56","13,174.97","13,488.18","13,092.45","287.73M","3.16%"
"2022-3-14","13,046.64","13,248.09","13,386.67","13,020.40","273.08M","-1.92%"
"2022-3-11","13,301.83","13,701.80","13,714.44","13,285.19","238.44M","-2.13%"
"2022-3-10","13,591.00","13,577.84","13,633.69","13,399.46","234.12M","-1.10%"
"2022-3-9","13,742.20","13,610.48","13,793.11","13,504.48","261.57M","3.58%"
"2022-3-8","13,267.60","13,275.23","13,663.27","13,129.40","308.91M","-0.39%"
"2022-3-7","13,319.38","13,853.53","13,879.10","13,314.44","304.72M","-3.75%"
"2022-3-4","13,837.83","13,957.60","13,992.97","13,738.61","244.70M","-1.41%"
"2022-3-3","14,035.21","14,339.70","14,342.56","13,965.11","230.88M","-1.46%"
"2022-3-2","14,243.69","14,075.11","14,292.72","13,962.69","233.56M","1.70%"
"2022-3-1","14,005.99","14,197.66","14,271.58","13,906.92","262.94M","-1.63%"
"2022-2-28","14,237.81","14,058.61","14,296.60","14,009.36","309.03M","0.34%"
"2022-2-25","14,189.16","13,973.90","14,193.00","13,850.29","241.78M","1.53%"
"2022-2-24","13,974.67","13,065.44","13,989.10","13,065.44","377.16M","3.44%"
"2022-2-23","13,509.43","14,016.94","14,035.93","13,502.58","256.46M","-2.60%"
"2022-2-22","13,870.53","13,892.81","14,109.26","13,720.92","258.34M","-0.99%"
"2022-2-18","14,009.54","14,207.55","14,225.72","13,918.76","266.12M","-1.14%"
"2022-2-17","14,171.74","14,485.08","14,497.46","14,155.43","226.16M","-2.96%"
"2022-2-16","14,603.64","14,514.84","14,647.79","14,399.29","194.98M","-0.12%"
"2022-2-15","14,620.82","14,482.11","14,624.53","14,444.46","222.14M","2.47%"
"2022-2-14","14,268.59","14,233.40","14,400.78","14,119.73","249.43M","0.10%"
"2022-2-11","14,253.84","14,739.46","14,769.64","14,194.54","289.87M","-3.07%"
"2022-2-10","14,705.64","14,770.67","15,037.26","14,636.61","259.08M","-2.33%"
"2022-2-9","15,056.96","14,930.99","15,057.90","14,870.36","220.30M","2.10%"
"2022-2-8","14,747.03","14,533.25","14,785.22","14,485.78","211.61M","1.21%"
"2022-2-7","14,571.25","14,716.43","14,813.86","14,524.63","203.27M","-0.84%"
"2022-2-4","14,694.35","14,566.28","14,832.05","14,452.28","238.70M","1.33%"
"2022-2-3","14,501.11","14,693.85","14,856.51","14,471.19","310.21M","-4.22%"
"2022-2-2","15,139.74","15,173.03","15,196.40","14,960.85","297.73M","0.80%"
"2022-2-1","15,019.68","14,966.60","15,034.42","14,749.49","234.44M","0.60%"
"2022-1-31","14,930.05","14,505.07","14,934.52","14,442.88","311.40M","3.29%"
"2022-1-28","14,454.61","14,091.32","14,457.78","13,880.48","292.47M","3.22%"
"2022-1-27","14,003.11","14,346.46","14,419.45","13,972.88","291.78M","-1.20%"
"2022-1-26","14,172.76","14,492.52","14,646.54","14,006.40","310.91M","0.17%"
"2022-1-25","14,149.12","14,237.60","14,410.43","14,033.81","283.30M","-2.48%"
"2022-1-24","14,509.58","14,160.91","14,532.57","13,724.85","425.47M","0.49%"
"2022-1-21","14,438.40","14,728.66","14,868.45","14,432.64","388.09M","-2.75%"
"2022-1-20","14,846.46","15,176.38","15,347.62","14,832.69","246.53M","-1.34%"
"2022-1-19","15,047.84","15,287.25","15,382.00","15,038.43","228.59M","-1.07%"
"2022-1-18","15,210.76","15,378.06","15,446.30","15,182.96","284.38M","-2.57%"
"2022-1-14","15,611.59","15,396.47","15,617.18","15,396.47","214.94M","0.75%"
"2022-1-13","15,495.62","15,970.09","15,990.38","15,468.09","220.05M","-2.57%"
"2022-1-12","15,905.10","15,955.48","16,017.39","15,815.94","192.30M","0.38%"
"2022-1-11","15,844.12","15,582.72","15,848.56","15,496.91","214.96M","1.47%"
"2022-1-10","15,614.43","15,383.18","15,627.92","15,165.53","281.70M","0.14%"
"2022-1-7","15,592.19","15,774.13","15,835.00","15,526.80","212.83M","-1.10%"
"2022-1-6","15,765.36","15,675.22","15,900.60","15,608.57","229.89M","-0.04%"
"2022-1-5","15,771.77","16,190.55","16,249.23","15,763.84","257.52M","-3.12%"
"2022-1-4","16,279.73","16,513.87","16,513.87","16,151.91","241.07M","-1.35%"
"2022-1-3","16,501.77","16,395.51","16,504.13","16,306.64","199.76M","1.11%"
"2021-12-31","16,320.08","16,411.26","16,464.62","16,317.26","144.78M","-0.66%"
"2021-12-30","16,429.10","16,485.40","16,569.62","16,415.12","125.58M","-0.38%"
"2021-12-29","16,491.01","16,510.63","16,548.92","16,396.16","133.19M","0.01%"
"2021-12-28","16,488.66","16,602.92","16,607.19","16,458.49","136.37M","-0.48%"
"2021-12-27","16,567.50","16,361.07","16,567.64","16,361.07","154.76M","1.59%"
"2021-12-23","16,308.21","16,203.76","16,360.75","16,188.02","164.32M","0.79%"
"2021-12-22","16,180.14","15,963.54","16,186.25","15,947.56","166.35M","1.21%"
"2021-12-21","15,986.28","15,794.38","15,997.61","15,617.48","210.02M","2.29%"
"2021-12-20","15,627.64","15,566.83","15,662.61","15,508.74","212.52M","-1.10%"
"2021-12-17","15,801.46","15,714.54","15,960.25","15,664.10","606.09M","-0.39%"
"2021-12-16","15,863.94","16,335.03","16,340.53","15,802.64","267.11M","-2.61%"
"2021-12-15","16,289.59","15,908.45","16,301.27","15,746.94","249.17M","2.35%"
"2021-12-14","15,914.90","15,877.65","15,995.21","15,742.80","238.21M","-1.04%"
"2021-12-13","16,082.55","16,317.90","16,332.63","16,075.54","224.94M","-1.53%"
"2021-12-10","16,331.98","16,278.30","16,339.12","16,139.00","206.17M","1.13%"
"2021-12-9","16,149.57","16,337.81","16,413.28","16,141.39","189.74M","-1.49%"
"2021-12-8","16,394.34","16,313.88","16,401.10","16,250.39","208.05M","0.42%"
"2021-12-7","16,325.66","16,139.56","16,343.67","16,128.44","261.97M","3.03%"
"2021-12-6","15,846.16","15,744.91","15,898.59","15,557.78","244.53M","0.85%"
"2021-12-3","15,712.04","16,039.41","16,089.61","15,543.31","287.69M","-1.74%"
"2021-12-2","15,990.76","15,791.30","16,066.32","15,770.92","252.10M","0.71%"
"2021-12-1","15,877.72","16,347.96","16,427.19","15,864.00","253.55M","-1.60%"
"2021-11-30","16,135.92","16,333.95","16,454.56","16,073.76","412.49M","-1.61%"
"2021-11-29","16,399.24","16,263.43","16,437.16","16,214.56","222.80M","2.33%"
"2021-11-26","16,025.58","16,237.42","16,302.58","15,988.95","188.04M","-2.09%"
"2021-11-24","16,367.81","16,202.26","16,370.56","16,106.02","173.02M","0.37%"
"2021-11-23","16,306.72","16,330.18","16,417.50","16,121.69","213.56M","-0.45%"
"2021-11-22","16,380.98","16,644.77","16,764.85","16,374.78","240.38M","-1.16%"
"2021-11-19","16,573.34","16,558.56","16,625.86","16,523.83","230.31M","0.55%"
"2021-11-18","16,482.97","16,398.76","16,501.92","16,309.51","225.12M","1.07%"
"2021-11-17","16,308.07","16,329.07","16,398.95","16,276.77","184.41M","-0.01%"
"2021-11-16","16,309.77","16,170.29","16,329.50","16,156.69","181.24M","0.75%"
"2021-11-15","16,189.11","16,227.01","16,256.73","16,096.37","164.95M","-0.07%"
"2021-11-12","16,199.89","16,078.13","16,218.55","16,012.78","154.83M","1.04%"
"2021-11-11","16,032.47","16,114.05","16,116.25","16,019.39","144.38M","0.29%"
"2021-11-10","15,985.57","16,087.01","16,224.51","15,905.28","192.32M","-1.44%"
"2021-11-9","16,219.93","16,389.99","16,401.89","16,168.63","202.59M","-0.71%"
"2021-11-8","16,336.03","16,351.49","16,401.93","16,314.00","194.10M","-0.14%"
"2021-11-5","16,359.38","16,397.59","16,454.48","16,302.06","223.01M","0.08%"
"2021-11-4","16,346.24","16,193.22","16,387.95","16,169.56","226.44M","1.25%"
"2021-11-3","16,144.50","16,000.60","16,157.60","15,950.59","177.49M","1.08%"
"2021-11-2","15,972.49","15,885.34","15,988.33","15,877.27","175.57M","0.42%"
"2021-11-1","15,905.28","15,879.61","15,910.35","15,785.31","177.72M","0.35%"
"2021-10-29","15,850.47","15,638.74","15,856.90","15,638.74","210.86M","0.46%"
"2021-10-28","15,778.16","15,674.39","15,784.00","15,650.01","186.65M","1.15%"
"2021-10-27","15,598.39","15,603.16","15,729.75","15,578.68","197.76M","0.25%"
"2021-10-26","15,559.49","15,615.36","15,710.79","15,518.59","196.06M","0.29%"
"2021-10-25","15,514.19","15,417.25","15,555.65","15,338.49","172.55M","1.04%"
"2021-10-22","15,355.07","15,422.07","15,474.28","15,291.95","174.01M","-0.87%"
"2021-10-21","15,489.59","15,365.81","15,497.58","15,350.50","155.34M","0.66%"
"2021-10-20","15,388.71","15,448.00","15,457.11","15,333.43","139.67M","-0.14%"
"2021-10-19","15,410.72","15,349.45","15,414.97","15,320.62","140.10M","0.72%"
"2021-10-18","15,300.89","15,091.58","15,307.51","15,074.71","157.54M","1.02%"
"2021-10-15","15,146.92","15,106.97","15,150.14","15,064.59","201.85M","0.63%"
"2021-10-14","15,052.42","14,925.58","15,059.89","14,901.59","171.55M","1.88%"
"2021-10-13","14,774.60","14,751.80","14,800.83","14,676.58","162.40M","0.77%"
"2021-10-12","14,662.11","14,772.29","14,784.78","14,636.33","175.53M","-0.35%"
"2021-10-11","14,713.73","14,765.69","14,907.57","14,709.05","131.29M","-0.72%"
"2021-10-8","14,820.75","14,942.35","14,948.35","14,805.50","142.85M","-0.51%"
"2021-10-7","14,897.13","14,899.07","15,010.32","14,878.22","168.65M","0.88%"
"2021-10-6","14,766.75","14,529.89","14,775.64","14,499.48","174.39M","0.63%"
"2021-10-5","14,674.15","14,533.43","14,763.64","14,520.23","177.49M","1.40%"
"2021-10-4","14,472.12","14,713.60","14,727.60","14,384.93","223.38M","-2.16%"
"2021-10-1","14,791.87","14,731.38","14,830.84","14,555.12","192.23M","0.70%"
"2021-9-30","14,689.62","14,830.30","14,888.22","14,684.55","203.20M","-0.43%"
"2021-9-29","14,752.89","14,835.51","14,914.92","14,727.41","182.14M","-0.12%"
"2021-9-28","14,770.30","15,001.98","15,040.57","14,758.98","241.47M","-2.86%"
"2021-9-27","15,204.83","15,205.23","15,240.58","15,106.45","154.50M","-0.81%"
"2021-9-24","15,329.68","15,222.97","15,345.54","15,209.16","129.34M","0.09%"
"2021-9-23","15,316.58","15,231.19","15,356.92","15,199.43","144.60M","0.92%"
"2021-9-22","15,176.51","15,073.95","15,230.34","15,029.90","171.16M","0.99%"
"2021-9-21","15,027.77","15,096.98","15,139.90","14,986.98","153.29M","0.10%"
"2021-9-20","15,012.18","15,068.65","15,157.26","14,821.03","229.84M","-2.10%"
"2021-9-17","15,333.47","15,481.43","15,485.21","15,291.04","453.63M","-1.18%"
"2021-9-16","15,515.91","15,452.67","15,539.14","15,370.88","157.64M","0.08%"
"2021-9-15","15,503.53","15,419.95","15,518.95","15,316.40","193.25M","0.78%"
"2021-9-14","15,382.90","15,505.78","15,525.97","15,352.06","171.39M","-0.33%"
"2021-9-13","15,434.50","15,545.66","15,562.28","15,351.70","174.43M","-0.04%"
"2021-9-10","15,440.75","15,648.05","15,673.50","15,433.43","172.65M","-0.77%"
"2021-9-9","15,561.05","15,639.44","15,675.46","15,556.74","140.37M","-0.38%"
"2021-9-8","15,620.85","15,669.01","15,669.01","15,528.45","151.55M","-0.35%"
"2021-9-7","15,675.76","15,662.30","15,701.40","15,610.23","162.99M","0.15%"
"2021-9-3","15,652.86","15,578.96","15,668.12","15,554.97","129.04M","0.31%"
"2021-9-2","15,604.25","15,656.28","15,681.75","15,554.29","142.46M","-0.05%"
"2021-9-1","15,611.57","15,637.13","15,696.42","15,603.67","157.20M","0.19%"
"2021-8-31","15,582.51","15,601.34","15,604.45","15,522.78","224.25M","-0.14%"
"2021-8-30","15,605.09","15,460.93","15,620.62","15,459.74","144.22M","1.12%"
"2021-8-27","15,432.95","15,305.75","15,447.03","15,292.74","153.36M","1.01%"
"2021-8-26","15,278.52","15,348.98","15,369.28","15,265.23","136.20M","-0.59%"
"2021-8-25","15,368.92","15,384.83","15,404.36","15,341.92","174.49M","0.07%"
"2021-8-24","15,357.68","15,338.92","15,384.42","15,319.55","147.83M","0.29%"
"2021-8-23","15,312.82","15,140.14","15,341.47","15,140.14","164.19M","1.46%"
"2021-8-20","15,092.57","14,974.06","15,103.94","14,968.87","176.44M","1.06%"
"2021-8-19","14,933.93","14,773.19","15,000.19","14,773.19","186.79M","0.51%"
"2021-8-18","14,857.92","14,975.02","15,039.90","14,846.51","152.36M","-0.97%"
"2021-8-17","15,002.83","15,018.94","15,062.70","14,906.22","159.61M","-0.91%"
"2021-8-16","15,140.77","15,090.05","15,142.03","14,931.15","157.03M","0.03%"
"2021-8-13","15,136.68","15,101.84","15,150.48","15,079.30","126.45M","0.32%"
"2021-8-12","15,088.98","15,012.60","15,097.91","14,956.25","150.50M","0.41%"
"2021-8-11","15,027.76","15,101.82","15,127.78","14,972.60","152.59M","-0.17%"
"2021-8-10","15,053.58","15,157.37","15,169.45","15,010.16","150.54M","-0.53%"
"2021-8-9","15,133.11","15,136.14","15,154.68","15,081.75","138.30M","0.16%"
"2021-8-6","15,109.36","15,125.74","15,162.34","15,063.02","153.25M","-0.48%"
"2021-8-5","15,181.64","15,105.40","15,184.27","15,083.83","152.62M","0.65%"
"2021-8-4","15,083.39","15,059.17","15,117.38","15,017.14","193.18M","0.15%"
"2021-8-3","15,061.42","14,997.20","15,063.66","14,864.53","166.87M","0.65%"
"2021-8-2","14,963.62","15,046.10","15,059.89","14,945.13","157.33M","0.02%"
"2021-7-30","14,959.90","14,882.39","14,990.86","14,882.39","189.00M","-0.59%"
"2021-7-29","15,048.36","15,015.30","15,091.96","15,004.42","177.41M","0.20%"
"2021-7-28","15,018.10","15,005.17","15,078.85","14,913.55","202.00M","0.41%"
"2021-7-27","14,956.97","15,103.01","15,107.74","14,787.80","220.40M","-1.12%"
"2021-7-26","15,125.95","15,088.28","15,142.35","15,048.23","168.93M","0.09%"
"2021-7-23","15,111.79","15,004.43","15,125.84","14,948.04","165.31M","1.15%"
"2021-7-22","14,940.17","14,865.47","14,941.38","14,865.47","138.61M","0.66%"
"2021-7-21","14,842.63","14,723.67","14,843.17","14,710.11","156.24M","0.78%"
"2021-7-20","14,728.21","14,601.33","14,790.60","14,530.78","276.12M","1.23%"
"2021-7-19","14,549.09","14,517.96","14,578.96","14,455.07","204.01M","-0.90%"
"2021-7-16","14,681.38","14,842.08","14,875.97","14,667.10","172.33M","-0.77%"
"2021-7-15","14,794.69","14,903.49","14,907.51","14,717.55","163.32M","-0.71%"
"2021-7-14","14,900.44","14,984.86","15,001.13","14,871.73","156.74M","0.17%"
"2021-7-13","14,874.54","14,871.04","15,002.28","14,843.80","134.41M","-0.02%"
"2021-7-12","14,877.89","14,878.71","14,899.46","14,813.79","135.33M","0.35%"
"2021-7-9","14,826.09","14,709.33","14,838.72","14,685.54","158.93M","0.71%"
"2021-7-8","14,722.14","14,577.67","14,763.67","14,551.76","178.03M","-0.60%"
"2021-7-7","14,810.53","14,889.76","14,891.19","14,735.75","151.62M","0.16%"
"2021-7-6","14,786.36","14,755.15","14,797.45","14,635.31","167.10M","0.40%"
"2021-7-2","14,727.63","14,633.51","14,738.14","14,626.82","140.17M","1.15%"
"2021-7-1","14,560.05","14,530.63","14,576.64","14,483.42","151.35M","0.04%"
"2021-6-30","14,554.80","14,560.07","14,582.30","14,530.87","174.74M","-0.12%"
"2021-6-29","14,572.75","14,523.63","14,575.19","14,481.84","139.36M","0.33%"
"2021-6-28","14,524.98","14,401.63","14,530.07","14,400.59","152.05M","1.25%"
"2021-6-25","14,345.18","14,396.63","14,401.71","14,324.26","248.91M","-0.14%"
"2021-6-24","14,365.96","14,358.30","14,429.14","14,337.65","146.08M","0.64%"
"2021-6-23","14,274.24","14,275.09","14,324.74","14,247.58","132.78M","0.03%"
"2021-6-22","14,270.42","14,140.30","14,288.49","14,128.01","149.36M","0.94%"
"2021-6-21","14,137.23","14,055.03","14,150.91","13,967.89","159.46M","0.62%"
"2021-6-18","14,049.58","14,125.12","14,140.61","14,024.60","403.49M","-0.81%"
"2021-6-17","14,163.81","13,946.70","14,205.43","13,946.52","190.93M","1.29%"
"2021-6-16","13,983.01","14,053.12","14,100.11","13,843.60","170.77M","-0.34%"
"2021-6-15","14,030.41","14,120.81","14,126.25","14,008.93","139.28M","-0.69%"
"2021-6-14","14,128.20","14,002.14","14,129.33","13,963.94","152.38M","0.93%"
"2021-6-11","13,998.30","13,959.47","13,998.65","13,934.00","138.26M","0.27%"
"2021-6-10","13,960.35","13,834.26","13,962.99","13,817.83","161.47M","1.05%"
"2021-6-9","13,814.94","13,865.51","13,900.71","13,811.05","142.01M","0.03%"
"2021-6-8","13,810.86","13,873.46","13,913.40","13,746.42","171.52M","0.06%"
"2021-6-7","13,802.89","13,744.15","13,808.42","13,710.11","158.49M","0.23%"
"2021-6-4","13,770.77","13,619.79","13,784.77","13,613.58","148.48M","1.78%"
"2021-6-3","13,529.68","13,568.91","13,608.54","13,469.85","157.94M","-1.07%"
"2021-6-2","13,675.79","13,655.71","13,712.68","13,610.16","151.45M","0.16%"
"2021-6-1","13,654.59","13,764.27","13,773.45","13,602.12","157.44M","-0.23%"
"2021-5-28","13,686.51","13,717.00","13,765.80","13,684.83","164.33M","0.21%"
"2021-5-27","13,657.85","13,686.86","13,724.76","13,652.13","307.94M","-0.33%"
"2021-5-26","13,702.74","13,687.71","13,726.06","13,661.06","153.51M","0.33%"
"2021-5-25","13,657.73","13,701.30","13,734.41","13,614.54","154.43M","0.12%"
"2021-5-24","13,641.75","13,504.39","13,687.60","13,500.12","154.55M","1.71%"
"2021-5-21","13,411.74","13,573.22","13,573.84","13,401.53","173.17M","-0.61%"
"2021-5-20","13,494.09","13,294.59","13,526.01","13,293.10","185.10M","1.94%"
"2021-5-19","13,237.91","12,998.53","13,243.98","12,994.35","201.19M","0.15%"
"2021-5-18","13,217.68","13,352.26","13,400.52","13,212.85","160.78M","-0.72%"
"2021-5-17","13,312.91","13,329.86","13,350.14","13,196.57","159.03M","-0.60%"
"2021-5-14","13,393.11","13,238.99","13,430.00","13,220.18","175.04M","2.17%"
"2021-5-13","13,109.15","13,133.73","13,226.64","13,006.77","195.42M","0.83%"
"2021-5-12","13,001.63","13,155.07","13,236.89","12,967.18","219.84M","-2.62%"
"2021-5-11","13,351.27","13,102.64","13,381.66","13,094.76","207.66M","-0.06%"
"2021-5-10","13,359.08","13,647.73","13,648.49","13,358.62","217.49M","-2.63%"
"2021-5-7","13,719.63","13,715.56","13,814.66","13,669.78","171.70M","0.78%"
"2021-5-6","13,613.73","13,490.94","13,617.33","13,403.46","192.04M","0.82%"
"2021-5-5","13,503.37","13,649.12","13,676.86","13,478.58","180.30M","-0.30%"
"2021-5-4","13,544.67","13,680.63","13,705.38","13,396.11","221.33M","-1.85%"
"2021-5-3","13,799.72","13,923.04","13,955.00","13,784.66","166.87M","-0.44%"
"2021-4-30","13,860.76","13,857.79","13,969.20","13,838.82","211.03M","-0.78%"
"2021-4-29","13,970.20","14,063.94","14,073.48","13,836.10","197.09M","0.49%"
"2021-4-28","13,901.62","13,953.61","13,992.08","13,895.15","199.19M","-0.42%"
"2021-4-27","13,960.28","14,048.13","14,048.34","13,931.18","168.17M","-0.47%"
"2021-4-26","14,026.16","13,954.94","14,039.40","13,919.93","161.38M","0.61%"
"2021-4-23","13,941.44","13,794.49","13,989.43","13,789.45","172.09M","1.30%"
"2021-4-22","13,762.36","13,920.88","13,954.03","13,716.76","172.74M","-1.24%"
"2021-4-21","13,935.15","13,768.92","13,939.70","13,717.44","166.85M","0.91%"
"2021-4-20","13,809.30","13,891.96","13,934.89","13,730.59","161.46M","-0.71%"
"2021-4-19","13,907.67","13,970.83","14,025.64","13,835.75","177.42M","-0.96%"
"2021-4-16","14,041.91","14,035.96","14,050.38","13,966.54","194.73M","0.11%"
"2021-4-15","14,026.19","13,934.87","14,040.11","13,931.01","177.92M","1.61%"
"2021-4-14","13,803.91","13,988.86","13,990.54","13,782.17","161.34M","-1.31%"
"2021-4-13","13,986.49","13,874.58","14,002.53","13,874.58","164.97M","1.21%"
"2021-4-12","13,819.35","13,792.74","13,839.39","13,747.63","178.22M","-0.19%"
"2021-4-9","13,845.06","13,709.67","13,849.31","13,674.92","160.65M","0.63%"
"2021-4-8","13,758.50","13,730.73","13,763.18","13,703.51","163.89M","1.04%"
"2021-4-7","13,616.70","13,553.90","13,648.80","13,532.63","144.11M","0.28%"
"2021-4-6","13,578.46","13,567.20","13,660.29","13,551.60","163.84M","-0.14%"
"2021-4-5","13,598.16","13,434.04","13,623.60","13,420.81","178.50M","2.02%"
"2021-4-1","13,329.51","13,268.88","13,333.41","13,255.82","187.35M","1.82%"
"2021-3-31","13,091.44","12,970.33","13,167.06","12,966.65","247.92M","1.51%"
"2021-3-30","12,896.53","12,904.01","12,929.46","12,798.03","172.81M","-0.53%"
"2021-3-29","12,965.74","12,950.51","13,013.48","12,836.60","199.25M","-0.10%"
"2021-3-26","12,979.12","12,777.27","12,992.30","12,721.66","253.00M","1.55%"
"2021-3-25","12,780.51","12,707.58","12,845.66","12,627.92","216.99M","-0.14%"
"2021-3-24","12,798.88","13,072.82","13,077.49","12,797.84","208.06M","-1.68%"
"2021-3-23","13,017.79","13,127.17","13,180.66","12,993.50","203.45M","-0.53%"
"2021-3-22","13,086.51","12,943.14","13,167.46","12,943.14","209.33M","1.71%"
"2021-3-19","12,866.99","12,792.67","12,906.02","12,704.07","575.60M","0.61%"
"2021-3-18","12,789.14","13,006.29","13,040.36","12,781.53","226.02M","-3.13%"
"2021-3-17","13,202.38","13,024.83","13,280.29","12,950.08","220.85M","0.38%"
"2021-3-16","13,152.28","13,156.65","13,297.48","13,091.78","186.93M","0.53%"
"2021-3-15","13,082.54","12,936.13","13,085.01","12,885.64","180.21M","1.12%"
"2021-3-12","12,937.29","12,873.39","12,943.58","12,778.12","184.56M","-0.89%"
"2021-3-11","13,052.90","12,960.53","13,117.86","12,920.00","211.63M","2.36%"
"2021-3-10","12,752.07","12,950.25","12,979.38","12,726.85","214.22M","-0.33%"
"2021-3-9","12,794.49","12,635.45","12,868.52","12,592.83","252.07M","4.03%"
"2021-3-8","12,299.08","12,629.56","12,718.58","12,287.57","273.33M","-2.92%"
"2021-3-5","12,668.51","12,594.16","12,700.95","12,208.39","302.02M","1.64%"
"2021-3-4","12,464.00","12,655.92","12,799.08","12,314.16","307.81M","-1.73%"
"2021-3-3","12,683.33","13,020.10","13,057.29","12,679.89","230.65M","-2.88%"
"2021-3-2","13,059.95","13,297.76","13,301.62","13,052.12","195.31M","-1.68%"
"2021-3-1","13,282.95","13,106.02","13,293.78","13,051.70","207.57M","2.89%"
"2021-2-26","12,909.44","12,958.97","13,090.36","12,764.34","312.55M","0.63%"
"2021-2-25","12,828.31","13,197.75","13,294.56","12,773.76","260.93M","-3.56%"
"2021-2-24","13,302.19","13,095.86","13,312.42","12,971.82","214.77M","0.81%"
"2021-2-23","13,194.71","12,982.36","13,259.85","12,758.12","261.29M","-0.22%"
"2021-2-22","13,223.74","13,414.04","13,447.37","13,220.77","215.67M","-2.63%"
"2021-2-19","13,580.78","13,686.23","13,701.69","13,545.45","193.94M","-0.42%"
"2021-2-18","13,637.51","13,556.01","13,669.94","13,477.17","169.46M","-0.45%"
"2021-2-17","13,699.71","13,636.15","13,713.14","13,552.67","163.37M","-0.54%"
"2021-2-16","13,773.77","13,841.03","13,879.77","13,726.77","168.06M","-0.25%"
"2021-2-12","13,807.70","13,695.90","13,816.25","13,656.78","137.79M","0.53%"
"2021-2-11","13,734.35","13,723.63","13,747.20","13,637.19","156.64M","0.58%"
"2021-2-10","13,655.27","13,751.42","13,770.91","13,531.93","175.91M","-0.23%"
"2021-2-9","13,687.08","13,667.14","13,741.79","13,664.70","151.60M","-0.06%"
"2021-2-8","13,695.02","13,672.33","13,698.41","13,607.96","181.11M","0.67%"
"2021-2-5","13,603.96","13,592.77","13,642.96","13,527.81","172.27M","0.32%"
"2021-2-4","13,560.89","13,454.85","13,563.13","13,406.44","195.08M","1.18%"
"2021-2-3","13,402.37","13,555.03","13,561.45","13,400.08","181.61M","-0.40%"
"2021-2-2","13,456.12","13,371.36","13,501.23","13,363.75","191.13M","1.56%"
"2021-2-1","13,248.90","13,067.65","13,280.22","12,983.10","199.89M","2.50%"
"2021-1-29","12,925.38","13,124.70","13,167.87","12,845.43","285.52M","-2.09%"
"2021-1-28","13,201.53","13,163.32","13,401.85","13,150.10","259.13M","0.68%"
"2021-1-27","13,112.65","13,371.16","13,393.51","13,034.14","332.77M","-2.80%"
"2021-1-26","13,490.19","13,507.47","13,536.30","13,440.32","183.91M","0.05%"
"2021-1-25","13,483.29","13,515.63","13,563.70","13,205.59","221.64M","0.87%"
"2021-1-22","13,366.40","13,356.18","13,404.77","13,336.90","185.53M","-0.29%"
"2021-1-21","13,404.99","13,356.70","13,433.69","13,297.79","195.49M","0.82%"
"2021-1-20","13,296.45","13,155.11","13,332.26","13,138.31","209.51M","2.31%"
"2021-1-19","12,996.54","12,921.61","13,012.09","12,861.30","208.17M","1.50%"
"2021-1-15","12,803.93","12,898.09","12,941.29","12,758.10","244.67M","-0.73%"
"2021-1-14","12,898.69","13,010.94","13,037.05","12,886.16","198.57M","-0.58%"
"2021-1-13","12,973.63","12,911.87","13,008.84","12,878.02","207.31M","0.63%"
"2021-1-12","12,892.09","12,916.10","12,957.43","12,783.71","184.51M","-0.08%"
"2021-1-11","12,902.49","12,961.50","13,023.22","12,883.59","196.99M","-1.55%"
"2021-1-8","13,105.20","13,037.24","13,113.09","12,939.73","220.39M","1.28%"
"2021-1-7","12,939.57","12,745.41","12,966.68","12,744.82","215.74M","2.51%"
"2021-1-6","12,623.35","12,601.26","12,803.29","12,569.42","243.87M","-1.40%"
"2021-1-5","12,802.38","12,663.13","12,809.67","12,663.13","175.19M","0.85%"
"2021-1-4","12,694.67","12,950.22","12,950.22","12,537.42","242.64M","-1.50%"
"2020-12-31","12,888.28","12,852.96","12,904.09","12,804.75","158.54M","0.33%"
"2020-12-30","12,845.36","12,900.03","12,917.45","12,828.79","136.77M","0.01%"
"2020-12-29","12,843.49","12,909.86","12,925.53","12,816.59","155.88M","0.04%"
"2020-12-28","12,838.86","12,813.97","12,861.91","12,747.05","144.84M","1.01%"
"2020-12-24","12,711.01","12,668.19","12,732.55","12,665.80","72.67M","0.46%"
"2020-12-23","12,653.14","12,733.75","12,737.59","12,649.60","145.40M","-0.51%"
"2020-12-22","12,717.56","12,715.48","12,761.23","12,606.42","176.87M","0.22%"
"2020-12-21","12,690.26","12,575.60","12,706.44","12,474.03","216.76M","-0.38%"
"2020-12-18","12,738.18","12,786.92","12,793.47","12,611.22","682.51M","-0.11%"
"2020-12-17","12,752.06","12,741.64","12,760.97","12,685.98","178.08M","0.66%"
"2020-12-16","12,668.16","12,607.87","12,698.11","12,568.71","184.13M","0.57%"
"2020-12-15","12,595.92","12,565.28","12,596.84","12,467.57","194.79M","1.07%"
"2020-12-14","12,462.21","12,427.86","12,544.31","12,426.25","206.34M","0.70%"
"2020-12-11","12,375.41","12,327.07","12,378.61","12,236.80","170.46M","-0.21%"
"2020-12-10","12,401.74","12,268.47","12,447.85","12,226.13","182.10M","0.30%"
"2020-12-9","12,364.64","12,626.97","12,643.24","12,311.30","227.70M","-2.15%"
"2020-12-8","12,635.72","12,574.84","12,651.35","12,504.97","168.73M","0.31%"
"2020-12-7","12,596.47","12,523.57","12,610.00","12,523.12","169.91M","0.54%"
"2020-12-4","12,528.48","12,479.91","12,531.21","12,450.51","168.42M","0.49%"
"2020-12-3","12,467.13","12,469.16","12,538.92","12,445.36","180.46M","0.09%"
"2020-12-2","12,456.41","12,390.58","12,472.25","12,318.27","176.96M","0.01%"
"2020-12-1","12,455.33","12,387.62","12,510.02","12,338.36","227.09M","1.52%"
"2020-11-30","12,268.32","12,278.78","12,299.61","12,090.93","354.41M","0.08%"
"2020-11-27","12,258.21","12,220.37","12,306.71","12,214.44","101.90M","0.87%"
"2020-11-25","12,152.22","12,112.11","12,174.99","12,081.51","164.42M","0.60%"
"2020-11-24","12,079.81","11,952.70","12,094.16","11,878.31","211.73M","1.46%"
"2020-11-23","11,905.94","11,959.89","12,001.83","11,817.53","189.11M","0.00%"
"2020-11-20","11,906.44","11,976.00","12,017.42","11,903.57","192.39M","-0.66%"
"2020-11-19","11,985.43","11,863.12","12,000.29","11,842.67","179.58M","0.76%"
"2020-11-18","11,894.71","11,963.36","12,027.15","11,892.54","200.78M","-0.69%"
"2020-11-17","11,977.49","12,030.27","12,047.13","11,964.20","194.30M","-0.30%"
"2020-11-16","12,013.39","11,925.36","12,035.50","11,891.85","213.93M","0.63%"
"2020-11-13","11,937.84","11,910.62","11,957.09","11,808.94","169.68M","0.94%"
"2020-11-12","11,827.14","11,924.15","11,976.89","11,786.09","181.21M","-0.55%"
"2020-11-11","11,892.93","11,734.82","11,904.13","11,714.32","186.65M","2.31%"
"2020-11-10","11,624.29","11,704.46","11,761.95","11,512.46","260.14M","-1.74%"
"2020-11-9","11,830.39","12,194.71","12,268.66","11,818.24","318.98M","-2.16%"
"2020-11-6","12,091.35","12,044.29","12,116.91","11,895.50","177.20M","0.11%"
"2020-11-5","12,078.07","12,021.77","12,117.04","11,977.07","210.41M","2.56%"
"2020-11-4","11,777.02","11,627.76","11,846.46","11,564.91","271.40M","4.41%"
"2020-11-3","11,279.91","11,155.84","11,356.08","11,115.55","193.87M","1.76%"
"2020-11-2","11,084.76","11,152.48","11,222.52","10,957.11","191.98M","0.29%"
"2020-10-30","11,052.95","11,265.70","11,293.76","10,960.02","265.83M","-2.62%"
"2020-10-29","11,350.74","11,214.33","11,467.37","11,187.08","214.42M","1.87%"
"2020-10-28","11,142.76","11,400.48","11,426.10","11,136.10","240.12M","-3.93%"
"2020-10-27","11,598.94","11,560.86","11,633.49","11,503.10","185.90M","0.82%"
"2020-10-26","11,504.52","11,584.17","11,708.08","11,360.73","186.91M","-1.61%"
"2020-10-23","11,692.57","11,680.73","11,693.01","11,569.09","152.72M","0.25%"
"2020-10-22","11,662.91","11,712.64","11,739.22","11,529.73","167.16M","-0.02%"
"2020-10-21","11,665.37","11,686.19","11,789.46","11,646.48","162.02M","-0.11%"
"2020-10-20","11,677.84","11,679.08","11,801.40","11,613.76","155.09M","0.37%"
"2020-10-19","11,634.35","11,913.01","11,962.47","11,606.48","184.09M","-1.84%"
"2020-10-16","11,852.17","11,952.12","12,034.13","11,824.14","194.99M","-0.39%"
"2020-10-15","11,898.57","11,767.27","11,928.63","11,765.49","158.29M","-0.72%"
"2020-10-14","11,985.36","12,105.10","12,159.21","11,913.57","176.43M","-0.81%"
"2020-10-13","12,083.17","12,131.07","12,187.78","12,032.75","200.44M","-0.04%"
"2020-10-12","12,088.11","11,900.12","12,204.75","11,880.23","233.33M","3.09%"
"2020-10-9","11,725.85","11,615.57","11,727.60","11,600.86","182.99M","1.51%"
"2020-10-8","11,550.94","11,576.44","11,582.78","11,510.24","148.36M","0.42%"
"2020-10-7","11,503.19","11,412.65","11,519.55","11,382.49","168.07M","1.88%"
"2020-10-6","11,291.27","11,476.67","11,536.42","11,256.26","194.81M","-1.89%"
"2020-10-5","11,509.06","11,345.24","11,512.06","11,336.07","162.99M","2.25%"
"2020-10-2","11,255.69","11,328.85","11,479.08","11,225.17","204.69M","-2.83%"
"2020-10-1","11,583.20","11,554.96","11,606.73","11,488.59","191.86M","1.45%"
"2020-9-30","11,418.06","11,328.55","11,535.01","11,328.55","262.85M","0.84%"
"2020-9-29","11,322.95","11,354.70","11,396.22","11,305.79","165.93M","-0.37%"
"2020-9-28","11,364.45","11,332.32","11,369.40","11,243.24","216.54M","1.91%"
"2020-9-25","11,151.13","10,910.50","11,177.74","10,851.68","201.77M","2.34%"
"2020-9-24","10,896.47","10,746.35","11,026.43","10,728.41","223.64M","0.58%"
"2020-9-23","10,833.33","11,167.22","11,179.59","10,806.05","245.50M","-3.16%"
"2020-9-22","11,186.37","11,082.09","11,207.08","10,943.26","220.92M","1.88%"
"2020-9-21","10,980.22","10,768.01","10,984.76","10,677.85","276.56M","0.40%"
"2020-9-18","10,936.98","11,147.80","11,153.97","10,769.40","537.37M","-1.30%"
"2020-9-17","11,080.95","10,965.74","11,160.04","10,936.80","271.15M","-1.48%"
"2020-9-16","11,247.60","11,467.90","11,486.09","11,242.96","233.92M","-1.67%"
"2020-9-15","11,438.87","11,432.94","11,495.40","11,367.20","216.66M","1.43%"
"2020-9-14","11,277.76","11,250.80","11,363.25","11,192.82","220.45M","1.72%"
"2020-9-11","11,087.40","11,251.19","11,280.41","10,945.22","221.40M","-0.60%"
"2020-9-10","11,154.12","11,501.43","11,566.34","11,095.94","249.80M","-2.12%"
"2020-9-9","11,395.85","11,308.25","11,480.37","11,197.13","266.99M","2.96%"
"2020-9-8","11,068.26","11,143.91","11,400.45","11,055.16","338.09M","-4.77%"
"2020-9-4","11,622.13","11,686.24","11,846.18","11,145.99","364.55M","-1.27%"
"2020-9-3","11,771.36","12,195.75","12,235.00","11,662.10","359.31M","-5.23%"
"2020-9-2","12,420.54","12,417.45","12,439.48","12,176.18","273.59M","1.04%"
"2020-9-1","12,292.86","12,203.36","12,300.44","12,132.78","228.04M","1.50%"
"2020-8-31","12,110.70","12,017.46","12,167.46","12,000.11","298.83M","0.96%"
"2020-8-28","11,995.85","11,992.68","12,018.14","11,928.69","166.46M","0.58%"
"2020-8-27","11,926.16","11,997.89","12,047.99","11,842.84","181.53M","-0.38%"
"2020-8-26","11,971.94","11,779.35","11,979.65","11,768.00","182.20M","2.13%"
"2020-8-25","11,721.81","11,610.58","11,723.94","11,580.89","154.17M","0.82%"
"2020-8-24","11,626.17","11,703.34","11,728.09","11,535.55","178.39M","0.61%"
"2020-8-21","11,555.16","11,476.85","11,574.79","11,461.53","191.26M","0.68%"
"2020-8-20","11,477.05","11,277.05","11,497.18","11,268.46","159.03M","1.40%"
"2020-8-19","11,318.64","11,397.23","11,440.22","11,303.40","166.03M","-0.71%"
"2020-8-18","11,399.03","11,339.76","11,421.10","11,279.08","147.12M","0.98%"
"2020-8-17","11,288.57","11,231.97","11,306.47","11,228.14","156.82M","1.11%"
"2020-8-14","11,164.45","11,187.82","11,213.27","11,106.93","136.45M","-0.12%"
"2020-8-13","11,178.37","11,174.64","11,271.22","11,139.64","166.06M","0.19%"
"2020-8-12","11,157.72","10,972.07","11,190.25","10,970.87","179.14M","2.59%"
"2020-8-11","10,876.08","11,039.68","11,090.92","10,855.06","200.26M","-1.89%"
"2020-8-10","11,085.17","11,153.51","11,159.38","10,941.87","172.56M","-0.49%"
"2020-8-7","11,139.39","11,235.24","11,276.30","11,044.60","178.26M","-1.13%"
"2020-8-6","11,267.08","11,116.49","11,282.24","11,090.50","166.94M","1.27%"
"2020-8-5","11,125.44","11,107.24","11,141.68","11,077.70","153.58M","0.26%"
"2020-8-4","11,096.54","11,048.50","11,097.85","11,002.55","187.55M","0.38%"
"2020-8-3","11,055.08","11,018.02","11,085.50","10,997.67","188.62M","1.37%"
"2020-7-31","10,905.88","10,886.36","10,908.34","10,707.40","266.97M","1.78%"
"2020-7-30","10,715.51","10,578.62","10,737.03","10,531.79","186.22M","0.49%"
"2020-7-29","10,662.98","10,602.40","10,694.88","10,587.19","183.48M","1.24%"
"2020-7-28","10,532.50","10,644.33","10,662.19","10,527.43","166.36M","-1.33%"
"2020-7-27","10,674.38","10,547.11","10,689.55","10,527.64","192.23M","1.82%"
"2020-7-24","10,483.13","10,389.53","10,543.42","10,313.94","250.10M","-0.92%"
"2020-7-23","10,580.59","10,853.16","10,885.38","10,531.22","221.22M","-2.67%"
"2020-7-22","10,870.75","10,850.92","10,910.24","10,776.24","169.30M","0.35%"
"2020-7-21","10,833.07","11,015.54","11,017.43","10,800.87","178.28M","-1.09%"
"2020-7-20","10,952.08","10,672.96","10,971.52","10,621.90","179.78M","2.88%"
"2020-7-17","10,645.22","10,651.59","10,680.70","10,558.78","164.99M","0.18%"
"2020-7-16","10,626.46","10,589.86","10,658.90","10,495.09","153.12M","-0.70%"
"2020-7-15","10,701.68","10,752.11","10,780.40","10,570.96","186.63M","0.11%"
"2020-7-14","10,689.52","10,502.85","10,701.88","10,370.79","212.71M","0.82%"
"2020-7-13","10,602.21","10,951.54","11,069.26","10,574.56","228.08M","-2.16%"
"2020-7-10","10,836.33","10,751.77","10,842.78","10,639.48","160.27M","0.76%"
"2020-7-9","10,754.59","10,745.87","10,785.96","10,574.97","187.39M","0.82%"
"2020-7-8","10,666.70","10,594.41","10,669.13","10,528.82","160.41M","1.36%"
"2020-7-7","10,524.01","10,595.94","10,704.93","10,516.63","157.46M","-0.75%"
"2020-7-6","10,604.06","10,487.70","10,625.09","10,485.82","179.09M","2.54%"
"2020-7-2","10,341.89","10,386.38","10,432.55","10,328.77","167.92M","0.61%"
"2020-7-1","10,279.25","10,160.41","10,321.77","10,142.75","167.52M","1.21%"
"2020-6-30","10,156.85","9,970.21","10,185.35","9,956.83","231.72M","1.96%"
"2020-6-29","9,961.16","9,850.55","9,965.08","9,742.89","174.38M","1.14%"
"2020-6-26","9,849.36","10,087.08","10,093.98","9,837.74","388.86M","-2.50%"
"2020-6-25","10,101.83","10,003.50","10,110.29","9,901.21","193.36M","0.99%"
"2020-6-24","10,002.70","10,183.77","10,232.42","9,943.24","231.67M","-2.03%"
"2020-6-23","10,209.82","10,192.42","10,306.90","10,172.07","186.84M","0.78%"
"2020-6-22","10,130.33","10,009.00","10,134.64","9,989.49","184.21M","1.22%"
"2020-6-19","10,008.64","10,104.63","10,121.67","9,937.82","500.55M","-0.03%"
"2020-6-18","10,012.05","9,972.35","10,018.56","9,942.11","187.25M","0.30%"
"2020-6-17","9,982.48","9,998.86","10,058.65","9,952.50","182.06M","0.33%"
"2020-6-16","9,949.37","9,983.65","10,010.89","9,801.45","230.08M","1.76%"
"2020-6-15","9,776.89","9,517.14","9,809.41","9,489.58","220.04M","1.17%"
"2020-6-12","9,663.77","9,785.58","9,849.01","9,499.09","248.83M","0.79%"
"2020-6-11","9,588.48","9,907.56","9,978.19","9,586.25","296.60M","-5.01%"
"2020-6-10","10,094.26","10,037.98","10,155.20","10,022.44","220.86M","1.28%"
"2020-6-9","9,967.17","9,861.18","10,006.90","9,859.00","196.91M","0.66%"
"2020-6-8","9,901.52","9,805.69","9,904.51","9,753.87","205.94M","0.79%"
"2020-6-5","9,824.39","9,673.09","9,846.63","9,659.45","264.66M","2.02%"
"2020-6-4","9,629.66","9,672.17","9,741.97","9,577.70","217.35M","-0.77%"
"2020-6-3","9,704.69","9,689.72","9,729.69","9,648.93","199.55M","0.49%"
"2020-6-2","9,657.31","9,603.18","9,660.08","9,511.88","196.14M","0.61%"
"2020-6-1","9,598.89","9,526.43","9,609.38","9,515.34","163.31M","0.45%"
"2020-5-29","9,555.52","9,440.64","9,573.55","9,379.93","371.13M","1.47%"
"2020-5-28","9,416.71","9,404.83","9,568.89","9,391.84","198.21M","-0.27%"
"2020-5-27","9,442.05","9,366.63","9,445.06","9,182.45","223.93M","0.55%"
"2020-5-26","9,389.98","9,570.53","9,570.53","9,379.90","213.73M","-0.26%"
"2020-5-22","9,413.99","9,363.67","9,421.93","9,325.07","140.23M","0.38%"
"2020-5-21","9,377.99","9,487.63","9,515.05","9,361.83","172.11M","-1.13%"
"2020-5-20","9,485.02","9,415.25","9,498.28","9,412.83","194.16M","2.01%"
"2020-5-19","9,298.54","9,326.28","9,422.90","9,296.25","191.26M","-0.36%"
"2020-5-18","9,331.93","9,281.35","9,367.54","9,248.78","223.30M","1.96%"
"2020-5-15","9,152.64","8,976.29","9,157.46","8,958.08","263.65M","0.64%"
"2020-5-14","9,094.42","8,946.45","9,097.75","8,860.77","219.79M","1.05%"
"2020-5-13","9,000.08","9,123.69","9,209.49","8,890.16","225.69M","-1.23%"
"2020-5-12","9,112.45","9,326.06","9,354.45","9,109.09","178.67M","-2.01%"
"2020-5-11","9,298.92","9,155.21","9,346.27","9,155.21","175.01M","0.85%"
"2020-5-8","9,220.35","9,165.70","9,224.49","9,126.97","168.14M","1.30%"
"2020-5-7","9,101.88","9,104.67","9,136.18","9,045.23","173.27M","1.30%"
"2020-5-6","8,984.86","8,997.02","9,065.58","8,950.89","166.50M","0.61%"
"2020-5-5","8,930.62","8,922.39","9,031.00","8,900.57","171.93M","1.09%"
"2020-5-4","8,834.11","8,683.94","8,840.33","8,665.40","189.30M","1.33%"
"2020-5-1","8,718.18","8,791.88","8,887.58","8,688.58","221.88M","-3.14%"
"2020-4-30","9,000.51","9,005.24","9,023.03","8,920.42","292.02M","0.20%"
"2020-4-29","8,982.76","8,871.04","9,025.82","8,832.00","260.58M","3.52%"
"2020-4-28","8,677.60","8,913.28","8,918.38","8,668.67","194.82M","-1.81%"
"2020-4-27","8,837.66","8,865.58","8,887.62","8,803.89","171.86M","0.58%"
"2020-4-24","8,786.60","8,666.57","8,791.36","8,599.99","184.54M","1.68%"
"2020-4-23","8,641.50","8,693.73","8,796.49","8,624.63","217.29M","-0.27%"
"2020-4-22","8,664.64","8,575.57","8,708.48","8,550.61","209.21M","3.11%"
"2020-4-21","8,403.00","8,639.74","8,663.09","8,359.84","239.97M","-3.71%"
"2020-4-20","8,726.51","8,742.54","8,855.18","8,725.33","196.29M","-1.20%"
"2020-4-17","8,832.41","8,876.66","8,879.24","8,704.38","292.75M","0.85%"
"2020-4-16","8,757.83","8,689.09","8,793.35","8,605.51","237.93M","1.93%"
"2020-4-15","8,591.96","8,548.47","8,666.24","8,500.56","215.83M","-1.15%"
"2020-4-14","8,692.16","8,489.27","8,708.55","8,470.74","233.39M","4.31%"
"2020-4-13","8,332.74","8,209.68","8,338.15","8,158.58","204.11M","1.14%"
"2020-4-9","8,238.53","8,284.31","8,334.23","8,167.93","259.06M","0.11%"
"2020-4-8","8,229.54","8,134.30","8,254.41","8,058.41","229.17M","2.24%"
"2020-4-7","8,049.31","8,287.48","8,305.59","8,043.07","288.35M","-0.40%"
"2020-4-6","8,081.66","7,819.06","8,110.66","7,763.09","310.17M","7.35%"
"2020-4-3","7,528.11","7,631.57","7,673.49","7,439.78","227.73M","-1.41%"
"2020-4-2","7,635.66","7,445.88","7,641.86","7,432.28","248.65M","2.00%"
"2020-4-1","7,486.29","7,582.78","7,701.68","7,423.97","261.15M","-4.19%"
"2020-3-31","7,813.50","7,855.74","8,011.60","7,765.45","315.42M","-0.96%"
"2020-3-30","7,889.01","7,678.83","7,902.09","7,651.43","247.99M","3.96%"
"2020-3-27","7,588.37","7,657.44","7,817.74","7,580.22","262.61M","-3.91%"
"2020-3-26","7,897.13","7,549.83","7,913.11","7,549.83","326.89M","5.72%"
"2020-3-25","7,469.61","7,543.96","7,777.61","7,390.41","368.48M","-1.11%"
"2020-3-24","7,553.82","7,348.99","7,555.91","7,304.39","395.51M","7.81%"
"2020-3-23","7,006.92","6,952.71","7,145.29","6,771.91","361.83M","0.18%"
"2020-3-20","6,994.29","7,391.22","7,487.83","6,969.77","493.59M","-4.04%"
"2020-3-19","7,288.52","7,190.21","7,514.14","7,037.47","374.51M","1.58%"
"2020-3-18","7,175.18","7,023.86","7,336.88","6,837.53","430.31M","-4.00%"
"2020-3-17","7,473.95","7,198.53","7,550.13","6,959.15","415.15M","6.46%"
"2020-3-16","7,020.38","7,502.26","7,563.45","6,993.61","441.73M","-12.19%"
"2020-3-13","7,995.26","7,683.04","7,998.51","7,301.88","423.68M","10.07%"
"2020-3-12","7,263.65","7,452.76","7,808.31","7,255.61","454.89M","-9.27%"
"2020-3-11","8,006.12","8,166.26","8,224.73","7,900.99","316.15M","-4.37%"
"2020-3-10","8,372.26","8,213.97","8,376.44","7,942.13","336.12M","5.34%"
"2020-3-9","7,948.03","7,912.14","8,241.77","7,912.14","380.28M","-6.83%"
"2020-3-6","8,530.34","8,395.95","8,571.88","8,319.90","306.19M","-1.63%"
"2020-3-5","8,671.66","8,713.19","8,864.19","8,613.91","265.85M","-3.10%"
"2020-3-4","8,949.28","8,745.64","8,952.11","8,669.76","256.13M","4.13%"
"2020-3-3","8,594.49","8,892.68","9,000.46","8,516.58","353.15M","-3.19%"
"2020-3-2","8,877.98","8,569.91","8,879.39","8,446.50","350.57M","4.92%"
"2020-2-28","8,461.83","8,133.85","8,490.47","8,133.85","467.92M","0.30%"
"2020-2-27","8,436.67","8,632.54","8,786.68","8,430.53","358.27M","-4.93%"
"2020-2-26","8,873.76","8,883.01","9,032.88","8,813.92","250.71M","0.44%"
"2020-2-25","8,834.86","9,167.33","9,183.78","8,807.10","279.61M","-2.70%"
"2020-2-24","9,079.63","9,055.30","9,194.91","9,028.87","270.43M","-3.89%"
"2020-2-21","9,446.69","9,582.54","9,594.00","9,406.38","201.72M","-1.88%"
"2020-2-20","9,627.83","9,696.66","9,714.23","9,513.23","159.56M","-0.94%"
"2020-2-19","9,718.73","9,683.94","9,736.57","9,676.07","148.28M","0.92%"
"2020-2-18","9,629.80","9,567.27","9,647.72","9,567.27","152.63M","0.06%"
"2020-2-14","9,623.58","9,613.88","9,634.75","9,583.08","145.56M","0.29%"
"2020-2-13","9,595.70","9,540.67","9,636.41","9,532.74","162.35M","-0.18%"
"2020-2-12","9,613.20","9,569.82","9,615.91","9,552.03","166.20M","1.00%"
"2020-2-11","9,517.86","9,567.82","9,600.05","9,493.63","152.23M","0.01%"
"2020-2-10","9,516.84","9,373.20","9,517.74","9,373.20","154.24M","1.23%"
"2020-2-7","9,401.10","9,397.76","9,453.24","9,376.91","153.80M","-0.47%"
"2020-2-6","9,445.92","9,395.69","9,448.72","9,357.86","165.90M","0.84%"
"2020-2-5","9,367.48","9,441.34","9,442.75","9,311.88","193.60M","0.36%"
"2020-2-4","9,334.06","9,256.94","9,352.96","9,224.86","199.77M","2.28%"
"2020-2-3","9,126.23","9,033.52","9,148.50","9,031.07","183.06M","1.50%"
"2020-1-31","8,991.51","9,169.91","9,170.22","8,961.59","217.22M","-1.58%"
"2020-1-30","9,136.09","9,038.92","9,140.69","9,019.72","185.28M","0.38%"
"2020-1-29","9,101.61","9,141.52","9,153.08","9,067.29","173.46M","0.12%"
"2020-1-28","9,090.93","9,013.23","9,111.32","8,994.28","154.54M","1.55%"
"2020-1-27","8,952.18","8,913.16","9,001.44","8,910.97","193.02M","-2.07%"
"2020-1-24","9,141.47","9,266.35","9,272.37","9,101.44","187.99M","-0.82%"
"2020-1-23","9,216.98","9,186.14","9,221.13","9,145.23","166.79M","0.31%"
"2020-1-22","9,188.58","9,212.35","9,242.48","9,179.27","158.72M","0.24%"
"2020-1-21","9,166.63","9,145.64","9,187.42","9,141.78","187.35M","-0.08%"
"2020-1-17","9,173.73","9,159.48","9,176.47","9,118.98","200.48M","0.53%"
"2020-1-16","9,125.00","9,088.08","9,126.07","9,066.31","143.14M","0.99%"
"2020-1-15","9,035.67","9,039.31","9,078.87","9,008.95","136.69M","0.02%"
"2020-1-14","9,033.42","9,068.02","9,080.16","9,020.92","154.92M","-0.41%"
"2020-1-13","9,070.65","9,007.94","9,071.53","8,991.35","140.34M","1.16%"
"2020-1-10","8,966.64","9,021.88","9,024.87","8,951.83","134.20M","-0.26%"
"2020-1-9","8,989.63","8,990.04","9,004.55","8,938.53","150.73M","0.87%"
"2020-1-8","8,912.37","8,845.45","8,953.55","8,834.94","164.57M","0.75%"
"2020-1-7","8,846.45","8,857.14","8,872.47","8,821.68","151.39M","-0.02%"
"2020-1-6","8,848.51","8,713.89","8,849.98","8,713.89","142.38M","0.62%"
"2020-1-3","8,793.90","8,755.17","8,843.65","8,755.17","144.75M","-0.88%"
"2020-1-2","8,872.22","8,802.22","8,873.63","8,786.90","152.65M","1.59%"
"2019-12-31","8,733.07","8,681.33","8,735.43","8,674.38","112.90M","0.27%"
"2019-12-30","8,709.73","8,766.39","8,768.30","8,671.92","103.89M","-0.70%"
"2019-12-27","8,770.98","8,805.86","8,811.10","8,749.86","101.44M","-0.08%"
"2019-12-26","8,778.31","8,717.95","8,778.33","8,716.03","92.59M","0.91%"
"2019-12-24","8,699.51","8,705.30","8,708.23","8,684.12","50.47M","0.04%"
"2019-12-23","8,696.01","8,703.06","8,710.90","8,690.15","130.53M","0.20%"
"2019-12-20","8,678.49","8,666.57","8,687.66","8,656.48","465.71M","0.43%"
"2019-12-19","8,641.29","8,592.68","8,642.74","8,592.68","166.60M","0.71%"
"2019-12-18","8,580.62","8,587.20","8,608.10","8,578.56","165.63M","0.06%"
"2019-12-17","8,575.70","8,586.33","8,592.45","8,564.15","155.21M","0.06%"
"2019-12-16","8,570.33","8,544.26","8,584.78","8,542.42","178.13M","0.97%"
"2019-12-13","8,487.71","8,461.42","8,517.52","8,441.89","168.75M","0.25%"
"2019-12-12","8,466.89","8,391.92","8,493.11","8,380.09","189.66M","0.76%"
"2019-12-11","8,402.61","8,371.65","8,408.08","8,361.37","131.86M","0.58%"
"2019-12-10","8,354.29","8,364.55","8,392.89","8,339.37","130.55M","-0.10%"
"2019-12-9","8,362.74","8,388.75","8,425.77","8,359.87","134.36M","-0.41%"
"2019-12-6","8,397.37","8,370.23","8,405.85","8,365.25","127.30M","1.07%"
"2019-12-5","8,308.40","8,321.19","8,321.19","8,272.83","125.93M","0.14%"
"2019-12-4","8,296.53","8,291.86","8,316.45","8,285.88","137.57M","0.51%"
"2019-12-3","8,254.74","8,201.63","8,258.41","8,167.35","162.29M","-0.66%"
"2019-12-2","8,309.26","8,409.87","8,409.87","8,274.61","144.81M","-1.12%"
"2019-11-29","8,403.68","8,422.02","8,435.96","8,402.13","80.47M","-0.49%"
"2019-11-27","8,444.71","8,407.24","8,445.60","8,399.63","114.02M","0.70%"
"2019-11-26","8,385.75","8,374.26","8,398.04","8,364.11","233.83M","0.17%"
"2019-11-25","8,371.93","8,309.55","8,372.82","8,309.55","154.32M","1.21%"
"2019-11-22","8,272.05","8,287.25","8,292.11","8,229.49","126.47M","0.08%"
"2019-11-21","8,265.62","8,273.95","8,282.33","8,242.22","145.46M","-0.22%"
"2019-11-20","8,283.75","8,315.55","8,339.26","8,226.25","271.48M","-0.66%"
"2019-11-19","8,338.74","8,357.43","8,357.80","8,308.27","155.13M","0.12%"
"2019-11-18","8,328.48","8,303.22","8,340.41","8,274.68","151.11M","0.16%"
"2019-11-15","8,315.52","8,303.84","8,315.90","8,284.20","184.10M","0.70%"